Putative Entity,NHM Data Portal Link,Article DOI Link,Notes
NHMUK 1911.10.1.368,http://data.nhm.ac.uk/specimen/0039a423-8be5-447f-9e51-591f01201bcb,http://dx.doi.org/10.1371/journal.pone.0095296,
NHMUK 35301,http://data.nhm.ac.uk/specimen/03ce0d05-f7eb-475e-bacf-5bd38f94ee1b,http://dx.doi.org/10.1371/journal.pone.0049584,
NHMUK 35301,http://data.nhm.ac.uk/specimen/03ce0d05-f7eb-475e-bacf-5bd38f94ee1b,http://dx.doi.org/10.1371/journal.pone.0084709,
BMNH P24,http://data.nhm.ac.uk/specimen/4052d69a-5076-4dcf-975d-16a14475ca3c,http://dx.doi.org/10.1371/journal.pone.0026964,PV RUP 24 Thecodontosaurus sp Riley & Stutchbury 1836
BMNH 510007,http://data.nhm.ac.uk/specimen/8076702a-2f26-4c74-be15-b0225b472dce,http://dx.doi.org/10.1371/journal.pone.0056992,PV P 51007
NHMUK 1924.5.10.1,http://data.nhm.ac.uk/specimen/07bd21ad-634d-4540-ad57-d018291f2d73,http://dx.doi.org/10.1371/journal.pone.0031838,
NHMUK 2018*,http://data.nhm.ac.uk/specimen/07cf9d67-9f2c-428b-841d-81b4b9d4a9c7,http://dx.doi.org/10.1371/journal.pone.0031838,
NHMUK R3402,http://data.nhm.ac.uk/specimen/0a7b3ce0-62da-4c8a-a086-066ccb18d839,http://dx.doi.org/10.1371/journal.pone.0014075,
BMNH.66.5456,http://data.nhm.ac.uk/specimen/f0adde71-7ffe-4906-9305-7a525b5e4261,http://dx.doi.org/10.1371/journal.pone.0061998,Cloeotis percivali
BMNH 1946.9.2.28,http://data.nhm.ac.uk/specimen/a0bc52df-6a46-4735-b8ad-c35ea96eee1d,http://dx.doi.org/10.1371/journal.pone.0080563,
NHMUK R16,http://data.nhm.ac.uk/specimen/0bd1d090-cad7-4e1b-a6d8-d999552acbf5,http://dx.doi.org/10.1371/journal.pone.0062421,
NHMUK R16,http://data.nhm.ac.uk/specimen/0bd1d090-cad7-4e1b-a6d8-d999552acbf5,http://dx.doi.org/10.1371/journal.pone.0084709,
NHMUK R6856,http://data.nhm.ac.uk/specimen/0d338d06-b5ea-40e9-ab95-d18169b1c680,http://dx.doi.org/10.1371/journal.pone.0072753,
BMNH 1946.1.1.95,http://data.nhm.ac.uk/specimen/a0e76dc3-6b43-44cb-b747-ff7d16dac4b3,http://dx.doi.org/10.1371/journal.pone.0115679,
BMNH M 85319,http://data.nhm.ac.uk/specimen/114e7dab-b3bd-43a2-9c0f-876ec41ecfc9,http://dx.doi.org/10.1371/journal.pone.0049054,
BMNH M 85318,http://data.nhm.ac.uk/specimen/114502273-5337-4d1b-a7dd-52375f62e684,http://dx.doi.org/10.1371/journal.pone.0049054,
NHMUK 1887.12.9.83,http://data.nhm.ac.uk/specimen/14f74cfb-096f-4d9c-9365-f005c1c2e30e,http://dx.doi.org/10.1371/journal.pone.0095296,identical cat number with deep sea fish
NHMUK 40358,http://data.nhm.ac.uk/specimen/15ddf5c1-6388-4670-8efd-03eceba5a341,http://dx.doi.org/10.1371/journal.pone.0034094,
NHMUK 40358,http://data.nhm.ac.uk/specimen/15ddf5c1-6388-4670-8efd-03eceba5a341,http://dx.doi.org/10.1371/journal.pone.0062421,
NHMUK 41896,http://data.nhm.ac.uk/specimen/15ddf5c1-6388-4670-8efd-03eceba5a341,http://dx.doi.org/10.1371/journal.pone.0062421,
NHMUK R5764,http://data.nhm.ac.uk/specimen/16417ce6-740d-448f-b068-7ac0770ce4b6,http://dx.doi.org/10.1371/journal.pone.0014075,
NHMUK R5764,http://data.nhm.ac.uk/specimen/16417ce6-740d-448f-b068-7ac0770ce4b6,http://dx.doi.org/10.1371/journal.pone.0036745,
NHMUK R5764,http://data.nhm.ac.uk/specimen/16417ce6-740d-448f-b068-7ac0770ce4b6,http://dx.doi.org/10.1371/journal.pone.0045712,
NHMUK 1899.7.1.804,http://data.nhm.ac.uk/specimen/17192353-4381-4bff-b77e-a09fbdc83a04,http://dx.doi.org/10.1371/journal.pone.0095296,
BMNH R14101,http://data.nhm.ac.uk/specimen/31a3426a-84ef-4a3f-a963-666216ae97a1,http://dx.doi.org/10.1371/journal.pone.0007783,PV R 14101 Marasuchus lilloensis Romer 1972
NHMUK 1928.9.13.98,http://data.nhm.ac.uk/specimen/1abf030c-1065-4487-a8f4-fbf64659601b,http://dx.doi.org/10.1371/journal.pone.0095296,
BMNH(E)1038600,http://data.nhm.ac.uk/specimen/31b28f2c-6a1c-482d-bf2a-cf734e56d420,http://dx.doi.org/10.1371/journal.pone.0051220,Principapillatus hitoyensis de Sena Oliveira 2012
NHMUK 47235,http://data.nhm.ac.uk/specimen/1c2fdbcd-b911-4fea-8dbd-dc87a6b935dd,http://dx.doi.org/10.1371/journal.pone.0062421,
NHMUK 47235,http://data.nhm.ac.uk/specimen/1c2fdbcd-b911-4fea-8dbd-dc87a6b935dd,http://dx.doi.org/10.1371/journal.pone.0084709,
NHMUK 47235*,http://data.nhm.ac.uk/specimen/1c2fdbcd-b911-4fea-8dbd-dc87a6b935dd,http://dx.doi.org/10.1371/journal.pone.0034094,
NHMUK 1887.12.9.103,http://data.nhm.ac.uk/specimen/1cc18789-0b0a-458e-ac54-2bdaa1a4bfdf,http://dx.doi.org/10.1371/journal.pone.0095296,
BMNH M 8512,http://data.nhm.ac.uk/specimen/b1d01430-0046-4650-a111-7008f9597b35,http://dx.doi.org/10.1371/journal.pone.0049054,
BMNH(E)1038601,http://data.nhm.ac.uk/specimen/11d52b2d8-8fb1-4ade-82e8-949be6bac9ed,http://dx.doi.org/10.1371/journal.pone.0051220,
NHMUK R8646,http://data.nhm.ac.uk/specimen/1d5b08f7-52eb-4f98-b120-c45c540e92df,http://dx.doi.org/10.1371/journal.pone.0072753,
BMNH 1946.1.1.94,http://data.nhm.ac.uk/specimen/b1dab9af-88e9-4381-8e0f-8f6aec0f7ab8,http://dx.doi.org/10.1371/journal.pone.0115679,
BMNH 1946.1.5.20,http://data.nhm.ac.uk/specimen/41e46aa2-25a4-4f96-a92c-71bc00d85229,http://dx.doi.org/10.1371/journal.pone.0042970,
BMNH:1945.9.26.101-104,http://data.nhm.ac.uk/specimen/11f049bfb-49b7-4ef2-8dc9-ee0db9391d3e,http://dx.doi.org/10.1371/journal.pone.0001960,
NHMUK 40095,http://data.nhm.ac.uk/specimen/1f807b1b-db0d-40e0-95bf-97a3d546ca93,http://dx.doi.org/10.1371/journal.pone.0034094,
NHMUK 40095,http://data.nhm.ac.uk/specimen/1f807b1b-db0d-40e0-95bf-97a3d546ca93,http://dx.doi.org/10.1371/journal.pone.0062421,
BMNH 1978.6.15.6,http://data.nhm.ac.uk/specimen/020f6746-b128-4547-a3ce-9683217a17e0,http://dx.doi.org/10.1371/journal.pone.0079155,
BMNH 2007.7.25.30-33,http://data.nhm.ac.uk/specimen/f21101cc-21e6-46ab-ab4c-ccce16664cc4,http://dx.doi.org/10.1371/journal.pone.0079155,
NHMUK 1987.1.18.41,http://data.nhm.ac.uk/specimen/21435955-bf83-45dc-bd74-6eac9aa0a5db,http://dx.doi.org/10.1371/journal.pone.0095296,Typo 1899.7.1.1841
BMNH M 85302,http://data.nhm.ac.uk/specimen/21d1ba5f-4a15-49e9-81a7-6c2f788bdd0c,http://dx.doi.org/10.1371/journal.pone.0049054,
NHMUK 20130091/2-3,http://data.nhm.ac.uk/specimen/7f996e63-0d27-4c3f-a3ea-5ad9af3a7215,http://dx.doi.org/10.1371/journal.pone.0109785,
NHMUK 20130117/1,http://data.nhm.ac.uk/specimen/21e7e949-d9eb-4ede-9908-ef1ee7232205,http://dx.doi.org/10.1371/journal.pone.0109785,
NHMUK 20130117/2-3,http://data.nhm.ac.uk/specimen/21e7e949-d9eb-4ede-9908-ef1ee7232205,http://dx.doi.org/10.1371/journal.pone.0109785,
NHMUK 1968.1.18.110,http://data.nhm.ac.uk/specimen/22c09148-9d22-4295-8745-930ed137bbe4,http://dx.doi.org/10.1371/journal.pone.0095296,
BMNH.76.3.15.14,http://data.nhm.ac.uk/specimen/22d207e8-861f-48e4-b073-e42780d099ec,http://dx.doi.org/10.1371/journal.pone.0061998,
NHMUK 1929.4.26.17,http://data.nhm.ac.uk/specimen/2367ae71-8aa3-45d2-b38c-dd0b098a834c,http://dx.doi.org/10.1371/journal.pone.0095296,
NHMUK 35310,http://data.nhm.ac.uk/specimen/246d4850-8574-4997-a4a7-21c1211b6955,http://dx.doi.org/10.1371/journal.pone.0062421,
NHMUK R11185,http://data.nhm.ac.uk/specimen/26587666-b9eb-4485-8953-58ad69b1869c,http://dx.doi.org/10.1371/journal.pone.0031838,
NHMUK R11185,http://data.nhm.ac.uk/specimen/26587666-b9eb-4485-8953-58ad69b1869c,http://dx.doi.org/10.1371/journal.pone.0045712,
NHMUK R11185,http://data.nhm.ac.uk/specimen/26587666-b9eb-4485-8953-58ad69b1869c,http://dx.doi.org/10.1371/journal.pone.0049584,
NHMUK R1331,http://data.nhm.ac.uk/specimen/269752ce-f1e0-4e07-8883-d8f744692c59,http://dx.doi.org/10.1371/journal.pone.0031838,
BMNH M 85315,http://data.nhm.ac.uk/specimen/2273019df-4252-4640-97f4-902ba8c9fc44,http://dx.doi.org/10.1371/journal.pone.0049054,
NHMUK 1911.10.1.367,http://data.nhm.ac.uk/specimen/27912283-5fd2-4372-8867-bf4e63f8a389,http://dx.doi.org/10.1371/journal.pone.0095296,
BMNH M 85321,http://data.nhm.ac.uk/specimen/228931039-5bcf-45ba-a531-415475515624,http://dx.doi.org/10.1371/journal.pone.0049054,
NHMUK R4513,http://data.nhm.ac.uk/specimen/28abeb34-a04a-4f2d-9618-8d22ee7ddd14,http://dx.doi.org/10.1371/journal.pone.0084709,
NHMUK R3393,http://data.nhm.ac.uk/specimen/2918e53c-2d42-44d7-bde1-c54b2e7284dd,http://dx.doi.org/10.1371/journal.pone.0031838,
NHMUK R8676,http://data.nhm.ac.uk/specimen/2950f09a-2c39-497e-8d6f-68349757fa11,http://dx.doi.org/10.1371/journal.pone.0031838,
NHMUK R8676,http://data.nhm.ac.uk/specimen/2950f09a-2c39-497e-8d6f-68349757fa11,http://dx.doi.org/10.1371/journal.pone.0036745,
NHMUK R2358,http://data.nhm.ac.uk/specimen/2b697b3a-c7d3-4d31-b699-4b4e4429225b,http://dx.doi.org/10.1371/journal.pone.0036745,PV R or PV OR?
BMNH M 8437a,http://data.nhm.ac.uk/specimen/22ca4c323-5810-4b01-8dc7-cf203c973d98,http://dx.doi.org/10.1371/journal.pone.0049054,
BMNH M 8437b,http://data.nhm.ac.uk/specimen/22ca4c323-5810-4b01-8dc7-cf203c973d98,http://dx.doi.org/10.1371/journal.pone.0049054,
NHMUK R45,http://data.nhm.ac.uk/specimen/2ccfa644-be74-47e0-82a1-228d97323bcc,http://dx.doi.org/10.1371/journal.pone.0031838,
BMNH M 8436,http://data.nhm.ac.uk/specimen/22cdeb90c-6bb0-4430-8e2b-5873db0caca8,http://dx.doi.org/10.1371/journal.pone.0049054,
BMNH 2010.11.01.8,http://data.nhm.ac.uk/specimen/e2ce9828-596f-471a-b2f1-fd7e95ce4be1,http://dx.doi.org/10.1371/journal.pone.0042049,
2029*,http://data.nhm.ac.uk/specimen/2e1f8352-b81d-4680-807b-994902309a34,http://dx.doi.org/10.1371/journal.pone.0031838,
NHMUK 1934.10.8.1,http://data.nhm.ac.uk/specimen/310f1d31-8488-4a42-a439-54a9fdd22e70,http://dx.doi.org/10.1371/journal.pone.0095296,
BMNH(E)1038600,http://data.nhm.ac.uk/specimen/331b28f2c-6a1c-482d-bf2a-cf734e56d420,http://dx.doi.org/10.1371/journal.pone.0051220,
BMNH R.332,http://data.nhm.ac.uk/specimen/323b5add-5522-4d22-ad24-a08b49e74305,http://dx.doi.org/10.1371/journal.pone.0088905,
2061*,http://data.nhm.ac.uk/specimen/37087d0d-ff43-4ca6-8123-baff179d6595,http://dx.doi.org/10.1371/journal.pone.0031838,
BMMH M 9259,http://data.nhm.ac.uk/specimen/337f115c5-39cc-4d1d-994b-8a4e4fcd470f,http://dx.doi.org/10.1371/journal.pone.0049054,
BMNH M 85323,http://data.nhm.ac.uk/specimen/338698d5e-69f3-4f5c-8bba-5543021aac44,http://dx.doi.org/10.1371/journal.pone.0049054,
BMNH 2012.8.23.6,http://data.nhm.ac.uk/specimen/038e765f-1a4a-4e9d-9c3e-86f13c07ab18,http://dx.doi.org/10.1371/journal.pone.0046421,
NHMUK 1899.7.1.780,http://data.nhm.ac.uk/specimen/3a27e517-bfcd-43e7-bd2e-9b4ec2e0a1af,http://dx.doi.org/10.1371/journal.pone.0095296,
BMNH M 85310,http://data.nhm.ac.uk/specimen/3a39692e-b26c-48c7-aabd-dc7160a45f5f,http://dx.doi.org/10.1371/journal.pone.0049054,
BMNH 1985.11.8.48-52,http://data.nhm.ac.uk/specimen/c3b4a716-1aa8-4c77-bd2f-dc6d4769da4e,http://dx.doi.org/10.1371/journal.pone.0079155,
NHMUK 1936.12.30.177,http://data.nhm.ac.uk/specimen/3c7eb3f9-83c8-4202-96d6-920f1f5f1e7e,http://dx.doi.org/10.1371/journal.pone.0095296,
BMNH 1983.2.15.7,http://data.nhm.ac.uk/specimen/f3d05e03-c2c2-47f9-8fd8-9faaadfa2b33,http://dx.doi.org/10.1371/journal.pone.0037520,
BMNH M 85317,http://data.nhm.ac.uk/specimen/73dc0d26-02e4-4889-b6b3-d3617f47300e,http://dx.doi.org/10.1371/journal.pone.0049054,
NHMUK R4523,http://data.nhm.ac.uk/specimen/3f327b68-fe33-4483-b0e0-c1c58bbbda1f,http://dx.doi.org/10.1371/journal.pone.0045712,
NHMUK 1899.7.1.780,http://data.nhm.ac.uk/specimen/3fccd62b-5c0d-4c08-aaa1-4f978bf216e8,http://dx.doi.org/10.1371/journal.pone.0095296,
NHMUK 1968.1.18.111,http://data.nhm.ac.uk/specimen/438c427c-6212-4b2b-9608-4594307617e7,http://dx.doi.org/10.1371/journal.pone.0095296,
BMNH 2012.8.23.1,http://data.nhm.ac.uk/specimen/8449d6f3-af9d-418b-8538-671664bf9536,http://dx.doi.org/10.1371/journal.pone.0046421,
BMNH M 85318,http://data.nhm.ac.uk/specimen/14502273-5337-4d1b-a7dd-52375f62e684,http://dx.doi.org/10.1371/journal.pone.0049054,figured
NHMUK 1926.9.6.84,http://data.nhm.ac.uk/specimen/4552c564-2e82-4bc1-b7de-2a0a39f145d5,http://dx.doi.org/10.1371/journal.pone.0095296,
BMNH 1865.7.17.24,http://data.nhm.ac.uk/specimen/f45fb5f5-086a-4215-b3ca-c3d4064b2203,http://dx.doi.org/10.1371/journal.pone.0021272,
BMNH M 85301,http://data.nhm.ac.uk/specimen/4477b9900-e0a7-442c-939f-048e3354bc14,http://dx.doi.org/10.1371/journal.pone.0049054,
BMNH 1890.6.27.5–8,http://data.nhm.ac.uk/specimen/94829669-c1ea-4a58-bd84-c474c143df82,http://dx.doi.org/10.1371/journal.pone.0037520,
BMNH M 85313,http://data.nhm.ac.uk/specimen/4499d8a9d-d4eb-40f8-b904-c199785cc5ff,http://dx.doi.org/10.1371/journal.pone.0049054,
BMNH M 85297,http://data.nhm.ac.uk/specimen/449c91ade-fe6e-48a5-8fce-97c168252552,http://dx.doi.org/10.1371/journal.pone.0049054,
NHMUK R8667,http://data.nhm.ac.uk/specimen/4a6d715a-050e-42b2-b5d8-0ab7591a3dd8,http://dx.doi.org/10.1371/journal.pone.0034094,
NHMUK R17,http://data.nhm.ac.uk/specimen/4a8ffb09-8bbc-444b-9afa-2da8d0457ac6,http://dx.doi.org/10.1371/journal.pone.0062421,
NHMUK R17,http://data.nhm.ac.uk/specimen/4a8ffb09-8bbc-444b-9afa-2da8d0457ac6,http://dx.doi.org/10.1371/journal.pone.0084709,
BMMH M 8441,http://data.nhm.ac.uk/specimen/44b5e3722-e92a-4a8a-997e-775e1823a07e,http://dx.doi.org/10.1371/journal.pone.0049054,
BMMH M 8441A,http://data.nhm.ac.uk/specimen/44b5e3722-e92a-4a8a-997e-775e1823a07e,http://dx.doi.org/10.1371/journal.pone.0049054,
BMNH M 85298,http://data.nhm.ac.uk/specimen/44cf564e8-554d-4747-8eaa-03dd1bee0fb1,http://dx.doi.org/10.1371/journal.pone.0049054,
NHMUK 1966.1.10.9,http://data.nhm.ac.uk/specimen/4f37e4fb-9b31-42f4-b95d-27ef84befab7,http://dx.doi.org/10.1371/journal.pone.0095296,
NHMUK R2336,http://data.nhm.ac.uk/specimen/52b12a93-bda5-4156-81a2-bfac061bb7d8,http://dx.doi.org/10.1371/journal.pone.0034094,
BMNH 1926.5.28.21-22,http://data.nhm.ac.uk/specimen/152fcee1-c599-4e82-a065-4d019753814f,http://dx.doi.org/10.1371/journal.pone.0115679,
NHMUK 1963.3.6.7a,http://data.nhm.ac.uk/specimen/53734471-eb9f-4476-a746-30bd93af4772,http://dx.doi.org/10.1371/journal.pone.0095296,
NHMUK 35348,http://data.nhm.ac.uk/specimen/5581790c-452c-460d-a812-bb9e38c962e8,http://dx.doi.org/10.1371/journal.pone.0084709,
NHMUK R2790,http://data.nhm.ac.uk/specimen/56741f37-9613-4212-96ce-161d7684a195,http://dx.doi.org/10.1371/journal.pone.0086864,
NHMUK 44159,http://data.nhm.ac.uk/specimen/57737e51-1f3b-47a4-89af-0a35fa9c6c66,http://dx.doi.org/10.1371/journal.pone.0062421,
NHMUK 44159a,http://data.nhm.ac.uk/specimen/57737e51-1f3b-47a4-89af-0a35fa9c6c66,http://dx.doi.org/10.1371/journal.pone.0062421,
BMNH M 85320,http://data.nhm.ac.uk/specimen/55877de10-5327-4fcb-9fb4-51b807e97e62,http://dx.doi.org/10.1371/journal.pone.0049054,
BMNH 2012.8.23.4–5,http://data.nhm.ac.uk/specimen/b59e3747-3322-4153-9277-46cd7da0adaf,http://dx.doi.org/10.1371/journal.pone.0046421,
NHMUK 1911.10.1.385,http://data.nhm.ac.uk/specimen/5a0b7d63-c26d-4961-89f7-627c19f79188,http://dx.doi.org/10.1371/journal.pone.0095296,
BMNH(E) 1239048,http://data.nhm.ac.uk/specimen/55ad66021-5834-4897-a058-11afd4c2be8c,http://dx.doi.org/10.1371/journal.pone.0121127,
NHMUK 32406,http://data.nhm.ac.uk/specimen/5adbce1b-4861-4665-8bd5-e819c4a1a3a7,http://dx.doi.org/10.1371/journal.pone.0034094,
NHMUK 32406,http://data.nhm.ac.uk/specimen/5adbce1b-4861-4665-8bd5-e819c4a1a3a7,http://dx.doi.org/10.1371/journal.pone.0062421,
NHMUK 32406,http://data.nhm.ac.uk/specimen/5adbce1b-4861-4665-8bd5-e819c4a1a3a7,http://dx.doi.org/10.1371/journal.pone.0084709,
NHMUK 1996.4.26.5,http://data.nhm.ac.uk/specimen/5bd73cc6-3628-4bbb-bfa9-f397316b6d5b,http://dx.doi.org/10.1371/journal.pone.0095296,
NHMUK 2047*,http://data.nhm.ac.uk/specimen/5c7fcb5b-c66f-4032-b20c-12efef2e48ae,http://dx.doi.org/10.1371/journal.pone.0031838,
NHMUK 2010.12.6.1,http://data.nhm.ac.uk/specimen/5d4be26e-42ec-4821-86e3-a6eec6c9ae07,http://dx.doi.org/10.1371/journal.pone.0095296,
BMNH M 8873,http://data.nhm.ac.uk/specimen/f5de5e4d-bf48-45ef-8d7b-5484f9aa78fd,http://dx.doi.org/10.1371/journal.pone.0049054,
BMNH R.8303,http://data.nhm.ac.uk/specimen/55e597c7e-8056-4fa4-8e72-213bdb6a6464,http://dx.doi.org/10.1371/journal.pone.0088905,
NHMUK 35432_5,http://data.nhm.ac.uk/specimen/639614db-7ec9-4a94-884d-7dd80859ec7a,http://dx.doi.org/10.1371/journal.pone.0034094,
BMNH M 9257,http://data.nhm.ac.uk/specimen/667033c65-667d-453c-8e69-265e640b2202,http://dx.doi.org/10.1371/journal.pone.0049054,
BMNH M.15799,http://data.nhm.ac.uk/specimen/667631c1d-a6df-4517-a070-12ef8f77617c,http://dx.doi.org/10.1371/journal.pone.0109232,
NHMUK R1923,http://data.nhm.ac.uk/specimen/686758c8-c01f-435d-984a-07c5e355f41a,http://dx.doi.org/10.1371/journal.pone.0062421,
NHMUK 1899.5.1.413,http://data.nhm.ac.uk/specimen/69f6d47a-96df-411b-86ed-405338917a9a,http://dx.doi.org/10.1371/journal.pone.0040492,
NHMUK R176,http://data.nhm.ac.uk/specimen/6ad7dbc4-7c79-4447-8e14-9e5d05673d6c,http://dx.doi.org/10.1371/journal.pone.0033170,
NHMUK R1629,http://data.nhm.ac.uk/specimen/6c31a461-809d-40ef-88de-ac1f64054749,http://dx.doi.org/10.1371/journal.pone.0045712,
BMNH 1946.9.2.34,http://data.nhm.ac.uk/specimen/66c5a88b-bea4-4195-a586-00806f682272,http://dx.doi.org/10.1371/journal.pone.0080563,
NHMUK 1968.1.18.104,http://data.nhm.ac.uk/specimen/6c786f14-5a1f-438b-a176-3d9f60d011d1,http://dx.doi.org/10.1371/journal.pone.0095296,two entries
NHMUK R4853,http://data.nhm.ac.uk/specimen/6c7d76b3-c2e0-410c-bad9-c3b8f95996ec,http://dx.doi.org/10.1371/journal.pone.0031838,
NHMUK PV R2341,http://data.nhm.ac.uk/specimen/6f3692a0-ff1c-4d29-b82a-6e54820c2ca4,http://dx.doi.org/10.1371/journal.pone.0084709,
NHMUK R2341,http://data.nhm.ac.uk/specimen/6f3692a0-ff1c-4d29-b82a-6e54820c2ca4,http://dx.doi.org/10.1371/journal.pone.0033170,
NHMUK R2341,http://data.nhm.ac.uk/specimen/6f3692a0-ff1c-4d29-b82a-6e54820c2ca4,http://dx.doi.org/10.1371/journal.pone.0049584,
NHMUK R2341,http://data.nhm.ac.uk/specimen/6f3692a0-ff1c-4d29-b82a-6e54820c2ca4,http://dx.doi.org/10.1371/journal.pone.0084709,
NHMUK R1318,http://data.nhm.ac.uk/specimen/6f3ae866-9a77-46a9-a76f-8fb5f021bc41,http://dx.doi.org/10.1371/journal.pone.0031838,
BMNH M 9257,http://data.nhm.ac.uk/specimen/67033c65-667d-453c-8e69-265e640b2202,http://dx.doi.org/10.1371/journal.pone.0049054,
NHMUK 35272,http://data.nhm.ac.uk/specimen/707025d8-00e7-4405-acde-2bb805ebee67,http://dx.doi.org/10.1371/journal.pone.0062421,
NHMUK 47265,http://data.nhm.ac.uk/specimen/712b580e-4f24-4cfc-a9ce-ead677c91fd3,http://dx.doi.org/10.1371/journal.pone.0062421,can source back to ancient Lybekker catalogue https://archive.org/stream/catalogueoffossi02bri/catalogueoffossi02bri_djvu.txt
NHMUK 47265_66*,http://data.nhm.ac.uk/specimen/712b580e-4f24-4cfc-a9ce-ead677c91fd3,http://dx.doi.org/10.1371/journal.pone.0034094,
NHMUK 47269,http://data.nhm.ac.uk/specimen/72766a6e-f9ae-4cfa-a25e-a486e8792e52,http://dx.doi.org/10.1371/journal.pone.0034094,
NHMUK 47269,http://data.nhm.ac.uk/specimen/72766a6e-f9ae-4cfa-a25e-a486e8792e52,http://dx.doi.org/10.1371/journal.pone.0062421,
BMNH M 85315,http://data.nhm.ac.uk/specimen/273019df-4252-4640-97f4-902ba8c9fc44,http://dx.doi.org/10.1371/journal.pone.0049054,
BMNH.7.7.7.3359,http://data.nhm.ac.uk/specimen/97339171-a1d8-401b-8b8d-a153c18e3241,http://dx.doi.org/10.1371/journal.pone.0061998,Myotis lucifugus
NHMUK R3741,http://data.nhm.ac.uk/specimen/73be50cc-9404-4a2c-adc6-0713e054274b,http://dx.doi.org/10.1371/journal.pone.0036745,
NHMUK R3741,http://data.nhm.ac.uk/specimen/73be50cc-9404-4a2c-adc6-0713e054274b,http://dx.doi.org/10.1371/journal.pone.0045712,
BMNH M 85317,http://data.nhm.ac.uk/specimen/773dc0d26-02e4-4889-b6b3-d3617f47300e,http://dx.doi.org/10.1371/journal.pone.0049054,
BMNH M 85304,http://data.nhm.ac.uk/specimen/74387839-ba8a-4c6c-ba46-5a535637ec44,http://dx.doi.org/10.1371/journal.pone.0049054,
BMNH 1985.11.8.48-47,http://data.nhm.ac.uk/specimen/7747315f-5b7c-4c20-ae62-0fb26c2a4c54,http://dx.doi.org/10.1371/journal.pone.0079155,actually meant 1985.11.8.45-47
BMNH M.15799,http://data.nhm.ac.uk/specimen/67631c1d-a6df-4517-a070-12ef8f77617c,http://dx.doi.org/10.1371/journal.pone.0109232,PV M 15799 Lammidhania wardi Pilgrim 1940
BMNH M 85301,http://data.nhm.ac.uk/specimen/477b9900-e0a7-442c-939f-048e3354bc14,http://dx.doi.org/10.1371/journal.pone.0049054,
NHMUK 1899.7.1.797,http://data.nhm.ac.uk/specimen/7829614c-3295-4c56-b595-6ac286587c5f,http://dx.doi.org/10.1371/journal.pone.0095296,
BMNH M 85316,http://data.nhm.ac.uk/specimen/d789f148-3393-4a48-9143-b3bbd0ed7dee,http://dx.doi.org/10.1371/journal.pone.0049054,
NHMUK R36629,http://data.nhm.ac.uk/specimen/7a594ee5-5575-4c9a-a88d-4afca03c4d74,http://dx.doi.org/10.1371/journal.pone.0062421,
NHMUK 48216,http://data.nhm.ac.uk/specimen/7ac3086c-d548-4ed1-962d-142a259fd488,http://dx.doi.org/10.1371/journal.pone.0118116,
BMNH M 85312,http://data.nhm.ac.uk/specimen/87bce8d5-1b40-46a2-9f9b-15f8bd7bddae,http://dx.doi.org/10.1371/journal.pone.0049054,
BMNH 31806,http://data.nhm.ac.uk/specimen/87d919f1-1cca-4f48-8cb3-1c1a42b35b7b,http://dx.doi.org/10.1371/journal.pone.0088905,PV OR 31806
BMNH 37001,http://data.nhm.ac.uk/specimen/57ee3bf1-0a74-4ae4-a588-ba9ea8dc5265,http://dx.doi.org/10.1371/journal.pone.0007390,"Archaeopteryx, PV OR 37001"
BMNH 37001,http://data.nhm.ac.uk/specimen/57ee3bf1-0a74-4ae4-a588-ba9ea8dc5265,http://dx.doi.org/10.1371/journal.pone.0022292,"Archaeopteryx, PV OR 37001"
BMNH 37001,http://data.nhm.ac.uk/specimen/57ee3bf1-0a74-4ae4-a588-ba9ea8dc5265,http://dx.doi.org/10.1371/journal.pone.0036664,"Archaeopteryx, PV OR 37001"
BMNH 37001,http://data.nhm.ac.uk/specimen/57ee3bf1-0a74-4ae4-a588-ba9ea8dc5265,http://dx.doi.org/10.1371/journal.pone.0113559,"Archaeopteryx, PV OR 37001"
BMNH M 9259,http://data.nhm.ac.uk/specimen/37f115c5-39cc-4d1d-994b-8a4e4fcd470f,http://dx.doi.org/10.1371/journal.pone.0049054,
NHMUK 20130091/1,http://data.nhm.ac.uk/specimen/7f996e63-0d27-4c3f-a3ea-5ad9af3a7215,http://dx.doi.org/10.1371/journal.pone.0109785,
2028*,http://data.nhm.ac.uk/specimen/821cb059-4c8c-4833-91dc-396310e19c8d,http://dx.doi.org/10.1371/journal.pone.0031838,
NHMUK R14370,http://data.nhm.ac.uk/specimen/83381d2b-565d-46d4-856a-e3f69db67332,http://dx.doi.org/10.1371/journal.pone.0062421,
NHMUK 28110,http://data.nhm.ac.uk/specimen/83c3e074-4395-4118-b50b-786a7e0153a1,http://dx.doi.org/10.1371/journal.pone.0034094,
NHMUK 2022*[14549],http://data.nhm.ac.uk/specimen/84ae068c-ef49-47ac-baa9-e7edf4adc551,http://dx.doi.org/10.1371/journal.pone.0031838,
NHMUK R1319,http://data.nhm.ac.uk/specimen/84b1d45f-f990-4a80-a940-52b146e7005e,http://dx.doi.org/10.1371/journal.pone.0031838,
BMNH 86.10.4.2,http://data.nhm.ac.uk/specimen/8559613e-f2a3-447c-aa1a-d476600d3293,http://dx.doi.org/10.1371/journal.pone.0053873,
BMNH M 85323,http://data.nhm.ac.uk/specimen/38698d5e-69f3-4f5c-8bba-5543021aac44,http://dx.doi.org/10.1371/journal.pone.0049054,figured
BMNH 44897,http://data.nhm.ac.uk/specimen/786eb66e-aed1-469b-97a1-9af67fac887e,http://dx.doi.org/10.1371/journal.pone.0054307,PV OR 44897
BMNH M 85320,http://data.nhm.ac.uk/specimen/5877de10-5327-4fcb-9fb4-51b807e97e62,http://dx.doi.org/10.1371/journal.pone.0049054,
BMNH 1935.6.4.1,http://data.nhm.ac.uk/specimen/87866b67-e4ae-415f-bac2-6cbb493c88ac,http://dx.doi.org/10.1371/journal.pone.0053873,
BMNH 1952.3.26.31–36,http://data.nhm.ac.uk/specimen/9879f73d-110f-444a-bba6-8bd3faaad304,http://dx.doi.org/10.1371/journal.pone.0037520,Arbacia lixula africana
BMNH M 85312,http://data.nhm.ac.uk/specimen/887bce8d5-1b40-46a2-9f9b-15f8bd7bddae,http://dx.doi.org/10.1371/journal.pone.0049054,
NHMUK 43989,http://data.nhm.ac.uk/specimen/87e20eb7-26d6-4d24-a9f8-dfb57cfe3e54,http://dx.doi.org/10.1371/journal.pone.0084709,
BMNH M 85321,http://data.nhm.ac.uk/specimen/28931039-5bcf-45ba-a531-415475515624,http://dx.doi.org/10.1371/journal.pone.0049054,
BMNH.1924.3.1.33,http://data.nhm.ac.uk/specimen/b89a8499-d2c6-4d6a-b891-23b2096ef7ed,http://dx.doi.org/10.1371/journal.pone.0061998,Trachops cirrhosus
BMNH M 8880,http://data.nhm.ac.uk/specimen/a89d2901-e4c0-47cf-aef4-ce458ecb98f2,http://dx.doi.org/10.1371/journal.pone.0049054,
NHMUK 1961.11.2.42,http://data.nhm.ac.uk/specimen/8a1d2f56-1eab-4e40-973b-8de9128cb4aa,http://dx.doi.org/10.1371/journal.pone.0095296,
NHMUK 1936.12.30.146,http://data.nhm.ac.uk/specimen/8cb99fc9-055e-4837-9bad-34202ae10001,http://dx.doi.org/10.1371/journal.pone.0095296,two entries
NHMUK R36631,http://data.nhm.ac.uk/specimen/8e50ff5c-af43-4d70-a788-eabea7bbb21c,http://dx.doi.org/10.1371/journal.pone.0062421,
NHMUK R5161,http://data.nhm.ac.uk/specimen/9501c40e-9b45-4f49-b10b-3ee9654e88ed,http://dx.doi.org/10.1371/journal.pone.0062421,
BMNH.7.7.7.3359,http://data.nhm.ac.uk/specimen/997339171-a1d8-401b-8b8d-a153c18e3241,http://dx.doi.org/10.1371/journal.pone.0061998,
BMNH M 85313,http://data.nhm.ac.uk/specimen/499d8a9d-d4eb-40f8-b904-c199785cc5ff,http://dx.doi.org/10.1371/journal.pone.0049054,
NHMUK R1317,http://data.nhm.ac.uk/specimen/9baeaded-6f6e-444e-a3ab-4e2f76799df4,http://dx.doi.org/10.1371/journal.pone.0031838,
BMNH M 85305,http://data.nhm.ac.uk/specimen/9bbb69f1-793d-4b32-97c2-356b7aebaa8b,http://dx.doi.org/10.1371/journal.pone.0049054,
BMNH 1998.410,http://data.nhm.ac.uk/specimen/9c283e2c-64f9-43bb-acb7-2b7ef7c52eb3,http://dx.doi.org/10.1371/journal.pone.0048145,
BMNH M 85297,http://data.nhm.ac.uk/specimen/49c91ade-fe6e-48a5-8fce-97c168252552,http://dx.doi.org/10.1371/journal.pone.0049054,
NHMUK 35323,http://data.nhm.ac.uk/specimen/9df19fcf-a4bc-4337-9039-0ac0ec72c9a1,http://dx.doi.org/10.1371/journal.pone.0062421,
BMNH.76.3.15.14,http://data.nhm.ac.uk/specimen/69e97f52-0275-4a82-9fa6-cf1c3949f408,http://dx.doi.org/10.1371/journal.pone.0061998,"Pteropus rodricensis, has pics on portal"
NHMUK R2348,http://data.nhm.ac.uk/specimen/a15ed47f-62aa-4f00-b9b9-8a7f9ca200bf,http://dx.doi.org/10.1371/journal.pone.0062421,
NHMUK 1996.4.26.8,http://data.nhm.ac.uk/specimen/a2e191b6-2b98-4f4d-b53d-dc2b512603c4,http://dx.doi.org/10.1371/journal.pone.0095296,
BMNH 1998.25,http://data.nhm.ac.uk/specimen/a342c62a-b2de-4ec9-abb6-c319c10a3dda,http://dx.doi.org/10.1371/journal.pone.0048145,
NHMUK R2890,http://data.nhm.ac.uk/specimen/a3ad647b-6a6a-4bee-9de6-29ea0c2e3f15,http://dx.doi.org/10.1371/journal.pone.0062421,
NHMUK R2890,http://data.nhm.ac.uk/specimen/a3ad647b-6a6a-4bee-9de6-29ea0c2e3f15,http://dx.doi.org/10.1371/journal.pone.0084709,
NHMUK R36618,http://data.nhm.ac.uk/specimen/a5a6669e-2ea2-430a-9f7f-df71f13fe25b,http://dx.doi.org/10.1371/journal.pone.0034094,
NHMUK A130,http://data.nhm.ac.uk/specimen/a5b487cb-82ca-4c22-bb3a-cb9a7cd6c172,http://dx.doi.org/10.1371/journal.pone.0049584,
NHMUK 1890.1.30.25-27,http://data.nhm.ac.uk/specimen/a623321f-d0f9-4b3e-9bb4-73705d12a8fa,http://dx.doi.org/10.1371/journal.pone.0095296,
BMNH 46013,http://data.nhm.ac.uk/specimen/0a7d9ef6-8f0e-4dc3-a288-9e755ecc4e40,http://dx.doi.org/10.1371/journal.pone.0079887,PV OR 46013
NHMUK 2039*,http://data.nhm.ac.uk/specimen/a7e9232a-669d-4bdb-8eeb-a35e8673e020,http://dx.doi.org/10.1371/journal.pone.0031838,
BMNH 1998.409,http://data.nhm.ac.uk/specimen/a897f76b-c8f1-4848-98e3-3b401495e657,http://dx.doi.org/10.1371/journal.pone.0048145,
BMNH M 8880,http://data.nhm.ac.uk/specimen/aa89d2901-e4c0-47cf-aef4-ce458ecb98f2,http://dx.doi.org/10.1371/journal.pone.0049054,
NHMUK 47232,http://data.nhm.ac.uk/specimen/a9159512-ad71-4933-9af4-cedf227c4450,http://dx.doi.org/10.1371/journal.pone.0062421,
NHMUK 1897.5.1.209,http://data.nhm.ac.uk/specimen/a97fffce-e65c-4b78-84e2-2dcd85d7e6da,http://dx.doi.org/10.1371/journal.pone.0095296,
BMNH 39965,http://data.nhm.ac.uk/specimen/1a995d3f-d4c9-4ee3-a0a3-8301233f2e10,http://dx.doi.org/10.1371/journal.pone.0041767,PV OR 39965 Megalania prisca Owen 1882
NHMUK 1964.4.2.10,http://data.nhm.ac.uk/specimen/ab546503-902c-4635-bbaa-d58e8950e456,http://dx.doi.org/10.1371/journal.pone.0095296,
BMNHUK P.25180,http://data.nhm.ac.uk/specimen/eabadc44-1bf0-446d-bcf5-6fd4ab7a513c,http://dx.doi.org/10.1371/journal.pone.0039370,PV P 25180 Macrosemimimus lennieri
NHMUK R36620,http://data.nhm.ac.uk/specimen/abbc0f72-3c7c-4b7f-897d-336a252d9fb6,http://dx.doi.org/10.1371/journal.pone.0072753,
BMNH(E)1239048,http://data.nhm.ac.uk/specimen/5ad66021-5834-4897-a058-11afd4c2be8c,http://dx.doi.org/10.1371/journal.pone.0121127,Chrysoperla carnea
NHMUK R3177,http://data.nhm.ac.uk/specimen/ae40c0a1-0b72-4f32-babc-3ed99eb2e350,http://dx.doi.org/10.1371/journal.pone.0084709,
NHMUK 36384,http://data.nhm.ac.uk/specimen/aebaeabc-40ae-4800-ae34-a18843d89f04,http://dx.doi.org/10.1371/journal.pone.0062421,
NHMUK 36384,http://data.nhm.ac.uk/specimen/aebaeabc-40ae-4800-ae34-a18843d89f04,http://dx.doi.org/10.1371/journal.pone.0084709,
NHMUK R2161,http://data.nhm.ac.uk/specimen/b0121c27-898b-42c7-ae75-65dae96c1bdd,http://dx.doi.org/10.1371/journal.pone.0031838,
BMMH M 8512,http://data.nhm.ac.uk/specimen/bb1d01430-0046-4650-a111-7008f9597b35,http://dx.doi.org/10.1371/journal.pone.0049054,
NHMUK R4522,http://data.nhm.ac.uk/specimen/b3a223e8-6137-4eb0-acd4-fc9e835ddc45,http://dx.doi.org/10.1371/journal.pone.0031838,
NHMUK 1899.7.1.783,http://data.nhm.ac.uk/specimen/b44ee0e4-c6c0-469e-9a65-4462983422ce,http://dx.doi.org/10.1371/journal.pone.0095296,
BMNH M 85309,http://data.nhm.ac.uk/specimen/b46ba28c-002f-4389-8b33-b9b448216c3c,http://dx.doi.org/10.1371/journal.pone.0049054,
BMNH 2002.8.12.3-4,http://data.nhm.ac.uk/specimen/fb4a1583-373a-4ee9-8bed-02183f5ba427,http://dx.doi.org/10.1371/journal.pone.0079155,
NHMUK 1934.5.14.436,http://data.nhm.ac.uk/specimen/b4bd80c2-dc9a-4235-97bb-411408cee87c,http://dx.doi.org/10.1371/journal.pone.0098406,two entries
BMNH 1895.8.27.1,http://data.nhm.ac.uk/specimen/8b5be46d-683b-4eb1-8529-f2b46d1f3881,http://dx.doi.org/10.1371/journal.pone.0082614,skull linked rather than skin
BMNH M 8441,http://data.nhm.ac.uk/specimen/4b5e3722-e92a-4a8a-997e-775e1823a07e,http://dx.doi.org/10.1371/journal.pone.0049054,
BMNH M 8441A,http://data.nhm.ac.uk/specimen/4b5e3722-e92a-4a8a-997e-775e1823a07e,http://dx.doi.org/10.1371/journal.pone.0049054,
NHMUK R2343,http://data.nhm.ac.uk/specimen/b6a8d88d-cd18-48ca-b555-df205acb6d48,http://dx.doi.org/10.1371/journal.pone.0084709,
BMNH.1924.3.1.33,http://data.nhm.ac.uk/specimen/bb89a8499-d2c6-4d6a-b891-23b2096ef7ed,http://dx.doi.org/10.1371/journal.pone.0061998,
NHMUK 2030*,http://data.nhm.ac.uk/specimen/b9bcc66a-ca32-4384-8616-dd8e04e1f5d2,http://dx.doi.org/10.1371/journal.pone.0031838,
BMNH M 85306,http://data.nhm.ac.uk/specimen/b9fce46a-0bbd-40cd-b534-f237d88bf9bc,http://dx.doi.org/10.1371/journal.pone.0049054,
NHMUK 1928.3.6.169,http://data.nhm.ac.uk/specimen/ba7e6a06-c9fe-4eee-9a38-c7533d0d5d00,http://dx.doi.org/10.1371/journal.pone.0095296,
BMNH M 85300,http://data.nhm.ac.uk/specimen/cbb0d734-a052-4132-a912-7b647468d6fc,http://dx.doi.org/10.1371/journal.pone.0049054,figured
NHMUK 1899.7.1.736,http://data.nhm.ac.uk/specimen/c283af80-986a-4b76-8fb8-c0b9d8090f65,http://dx.doi.org/10.1371/journal.pone.0095296,
NHMUK 41896,http://data.nhm.ac.uk/specimen/c40d7638-da36-4dce-8461-13a05f5999d1,http://dx.doi.org/10.1371/journal.pone.0034094,
NHMUK R625,http://data.nhm.ac.uk/specimen/c4ee245a-4edb-497f-af7e-0e1076cac898,http://dx.doi.org/10.1371/journal.pone.0030212,
BMNH R9951,http://data.nhm.ac.uk/specimen/dc529dd4-b546-47cd-923c-6c7864cb418c,http://dx.doi.org/10.1371/journal.pone.0037122,
BMNH 2012.8.23.2,http://data.nhm.ac.uk/specimen/8c5f9a32-a707-461b-a4c1-e3e74a74576c,http://dx.doi.org/10.1371/journal.pone.0046421,
NHMUK 1882.5.24.8-12,http://data.nhm.ac.uk/specimen/c60b0973-33e6-4d99-9f33-5e7b09a93fef,http://dx.doi.org/10.1371/journal.pone.0095296,
BMNH 1930.5.8.98,http://data.nhm.ac.uk/specimen/fc641296-831d-4f73-9df0-60b183879408,http://dx.doi.org/10.1371/journal.pone.0032450,specimen unavailable
BMNH 1904.10.26.109-10,http://data.nhm.ac.uk/specimen/c91ee228-e9ab-4010-ab22-711507f541de,http://dx.doi.org/10.1371/journal.pone.0066957,Darwin's frogs
NHMUK 28660,http://data.nhm.ac.uk/specimen/c9d33bc8-d149-47f7-8901-7c28d8b5619a,http://dx.doi.org/10.1371/journal.pone.0036745,
BMNH M 8437a,http://data.nhm.ac.uk/specimen/2ca4c323-5810-4b01-8dc7-cf203c973d98,http://dx.doi.org/10.1371/journal.pone.0049054,
BMNH M 8437b,http://data.nhm.ac.uk/specimen/2ca4c323-5810-4b01-8dc7-cf203c973d98,http://dx.doi.org/10.1371/journal.pone.0049054,
NHMUK 47268,http://data.nhm.ac.uk/specimen/cb5dcad3-f563-4606-8a09-3d20ae707327,http://dx.doi.org/10.1371/journal.pone.0084709,
BMNH M 85300,http://data.nhm.ac.uk/specimen/ccbb0d734-a052-4132-a912-7b647468d6fc,http://dx.doi.org/10.1371/journal.pone.0049054,
BMNH M 8436,http://data.nhm.ac.uk/specimen/2cdeb90c-6bb0-4430-8e2b-5873db0caca8,http://dx.doi.org/10.1371/journal.pone.0049054,
BMNH 1985.338,http://data.nhm.ac.uk/specimen/cce0afa2-f3be-4a62-94e8-b4830e9f0f60,http://dx.doi.org/10.1371/journal.pone.0042970,5 different catalogue entries
BMNH 2007.7.25.34,http://data.nhm.ac.uk/specimen/0ce1bafb-c254-4b34-b320-2ec0705f0607,http://dx.doi.org/10.1371/journal.pone.0079155,
BMNH M 85298,http://data.nhm.ac.uk/specimen/4cf564e8-554d-4747-8eaa-03dd1bee0fb1,http://dx.doi.org/10.1371/journal.pone.0049054,figured
NHMUK 1911.10.1.369,http://data.nhm.ac.uk/specimen/cf73af32-3a63-4e1c-ab71-0c0ccfad7497,http://dx.doi.org/10.1371/journal.pone.0095296,
BMNH 1946.9.1.87–88,http://data.nhm.ac.uk/specimen/3d173563-aa29-4a8a-bfb0-3aa77ce4e601,http://dx.doi.org/10.1371/journal.pone.0080563,
NHMUK 35254,http://data.nhm.ac.uk/specimen/d18b1202-7c8b-4e52-9ac5-e4a934f742cf,http://dx.doi.org/10.1371/journal.pone.0034094,
NHMUK 35254,http://data.nhm.ac.uk/specimen/d18b1202-7c8b-4e52-9ac5-e4a934f742cf,http://dx.doi.org/10.1371/journal.pone.0062421,
BMNH M 85307,http://data.nhm.ac.uk/specimen/d2cedaef-8cbe-4d16-a680-9d5edae630fe,http://dx.doi.org/10.1371/journal.pone.0049054,
NHMUK 14550,http://data.nhm.ac.uk/specimen/d2fc5849-be6b-4393-849c-f1a5de1a8456,http://dx.doi.org/10.1371/journal.pone.0031838,
BMNH M 85322,http://data.nhm.ac.uk/specimen/fd30af1d-9b7f-4834-8964-e1b244550c46,http://dx.doi.org/10.1371/journal.pone.0049054,figured
BMNH(E)1038601,http://data.nhm.ac.uk/specimen/1d52b2d8-8fb1-4ade-82e8-949be6bac9ed,http://dx.doi.org/10.1371/journal.pone.0051220,Principapillatus hitoyensis de Sena Oliveira 2012
BMNH M 85308,http://data.nhm.ac.uk/specimen/d5f2afe7-7b8e-4983-b39f-502500434415,http://dx.doi.org/10.1371/journal.pone.0049054,
BMNH 2012.8.23.7,http://data.nhm.ac.uk/specimen/3d60a244-dd7f-44b6-a823-977f4f3286ab,http://dx.doi.org/10.1371/journal.pone.0046421,
BMNH M 85316,http://data.nhm.ac.uk/specimen/dd789f148-3393-4a48-9143-b3bbd0ed7dee,http://dx.doi.org/10.1371/journal.pone.0049054,
NHMUK R533,http://data.nhm.ac.uk/specimen/d83440d9-8822-411e-bc2d-e50958c45df3,http://dx.doi.org/10.1371/journal.pone.0034094,
NHMUK 48330,http://data.nhm.ac.uk/specimen/d8b4368b-ac53-4d17-b418-9f58a07b59bd,http://dx.doi.org/10.1371/journal.pone.0118116,
NHMUK 20070177,http://data.nhm.ac.uk/specimen/d92c9ecb-0172-41ac-bfcd-7306b18b4af4,http://dx.doi.org/10.1371/journal.pone.0033170,
NHMUK 30254,http://data.nhm.ac.uk/specimen/d9c3b4d4-e556-492f-938a-ea1268d7f815,http://dx.doi.org/10.1371/journal.pone.0034094,
NHMUK R36630,http://data.nhm.ac.uk/specimen/da00748f-6550-4f48-beed-61729dd652a6,http://dx.doi.org/10.1371/journal.pone.0062421,
BMNH 1897.6.30.1,http://data.nhm.ac.uk/specimen/dc03ae18-91db-42b7-914e-01a08f29c1c2,http://dx.doi.org/10.1371/journal.pone.0053873,Skull. Rest of skeleton has a similar but separate entry in catalogue!
NHMUK PV R9951,http://data.nhm.ac.uk/specimen/ddc529dd4-b546-47cd-923c-6c7864cb418c,http://dx.doi.org/10.1371/journal.pone.0031838,
NHMUK R9951,http://data.nhm.ac.uk/specimen/ddc529dd4-b546-47cd-923c-6c7864cb418c,http://dx.doi.org/10.1371/journal.pone.0037122,
BMNH 1946.1.21.47,http://data.nhm.ac.uk/specimen/5dc6eccb-d0cb-484b-b5d9-5cdf32989d98,http://dx.doi.org/10.1371/journal.pone.0042970,
BMNH R1157,http://data.nhm.ac.uk/specimen/dcfabcc6-bd9c-4b7f-a977-8eb20d98b847,http://dx.doi.org/10.1371/journal.pone.0053873,
BMNH 1955.6.N20.3869,http://data.nhm.ac.uk/specimen/dddf69ed-7f7b-4eb3-8577-479757e5c518,http://dx.doi.org/10.1371/journal.pone.0053712,
BMNH P.3337,http://data.nhm.ac.uk/specimen/ded62524-3c12-4016-9faa-8b1d2aecdf67,http://dx.doi.org/10.1371/journal.pone.0049911,
NHMUK 1911.10.1.373,http://data.nhm.ac.uk/specimen/e1b82548-d5d8-4b4c-8585-71da786bff89,http://dx.doi.org/10.1371/journal.pone.0095296,
2027*,http://data.nhm.ac.uk/specimen/e282e1cb-1fe3-40b3-8db4-36aeba3e5592,http://dx.doi.org/10.1371/journal.pone.0031838,
BMNH R3592,http://data.nhm.ac.uk/specimen/ee332884-ff2a-4113-b734-d589d9340c89,http://dx.doi.org/10.1371/journal.pone.0111154,Erythrosuchus africanus Broom 1905
NHMUK R16586,http://data.nhm.ac.uk/specimen/e48a55f8-10a4-4549-8627-5e8e5c3bde07,http://dx.doi.org/10.1371/journal.pone.0034094,
NHMUK R16586,http://data.nhm.ac.uk/specimen/e48a55f8-10a4-4549-8627-5e8e5c3bde07,http://dx.doi.org/10.1371/journal.pone.0072753,
NHMUK 1987.1.18.41,http://data.nhm.ac.uk/specimen/e4e9fb0d-9aa2-4947-8fa1-0fe0947306f9,http://dx.doi.org/10.1371/journal.pone.0095296,two entries
NHMUK 1911.10.1.353,http://data.nhm.ac.uk/specimen/e52020e7-af7d-4c71-9547-af1bd3471c25,http://dx.doi.org/10.1371/journal.pone.0095296,two entries
BMNH R.8303,http://data.nhm.ac.uk/specimen/5e597c7e-8056-4fa4-8e72-213bdb6a6464,http://dx.doi.org/10.1371/journal.pone.0088905,
BMNH R3877,http://data.nhm.ac.uk/specimen/e63f54e7-e548-4118-a2d5-8519531acfdd,http://dx.doi.org/10.1371/journal.pone.0033170,PV R 3877
NHMUK R3877,http://data.nhm.ac.uk/specimen/e63f54e7-e548-4118-a2d5-8519531acfdd,http://dx.doi.org/10.1371/journal.pone.0033170,
BMNH 2010.11.01.7,http://data.nhm.ac.uk/specimen/ce84cb47-944e-468a-887c-c3e603c8ae86,http://dx.doi.org/10.1371/journal.pone.0042049,
BMNH 2012.8.23.3,http://data.nhm.ac.uk/specimen/6e8be646-486e-4193-ac46-e13e23c5daef,http://dx.doi.org/10.1371/journal.pone.0046421,
BMNH M 85303,http://data.nhm.ac.uk/specimen/ee8f78d9-84f2-425c-b2e7-7e8ca013c39f,http://dx.doi.org/10.1371/journal.pone.0049054,
NHMUK R1111,http://data.nhm.ac.uk/specimen/e9c19692-2cbd-4a06-9b8d-c490d6787016,http://dx.doi.org/10.1371/journal.pone.0034094,
BMNHUK P.25180,http://data.nhm.ac.uk/specimen/eeabadc44-1bf0-446d-bcf5-6fd4ab7a513c,http://dx.doi.org/10.1371/journal.pone.0039370,
BMNH 1914.8.12.126–127,http://data.nhm.ac.uk/specimen/5eac4a4f-9ff0-41cc-b07d-33ddee4258db,http://dx.doi.org/10.1371/journal.pone.0037520,
BMNH P3337,http://data.nhm.ac.uk/specimen/ed62524-3c12-4016-9faa-8b1d2aecdf67,http://dx.doi.org/10.1371/journal.pone.0049911,PV P 3337 Libys polypterus Munster 1842
NHMUK 2020*[14551],http://data.nhm.ac.uk/specimen/eda69781-4bb0-4e80-a319-b15054930141,http://dx.doi.org/10.1371/journal.pone.0031838,
NHMUK R3592,http://data.nhm.ac.uk/specimen/eee332884-ff2a-4113-b734-d589d9340c89,http://dx.doi.org/10.1371/journal.pone.0034094,
NHMUK R3592,http://data.nhm.ac.uk/specimen/eee332884-ff2a-4113-b734-d589d9340c89,http://dx.doi.org/10.1371/journal.pone.0072753,
NHMUK R3592,http://data.nhm.ac.uk/specimen/eee332884-ff2a-4113-b734-d589d9340c89,http://dx.doi.org/10.1371/journal.pone.0086864,
NHMUK R3592,http://data.nhm.ac.uk/specimen/eee332884-ff2a-4113-b734-d589d9340c89,http://dx.doi.org/10.1371/journal.pone.0089165,
NHMUK R3592,http://data.nhm.ac.uk/specimen/eee332884-ff2a-4113-b734-d589d9340c89,http://dx.doi.org/10.1371/journal.pone.0111388,
BMNH M 85303,http://data.nhm.ac.uk/specimen/eee8f78d9-84f2-425c-b2e7-7e8ca013c39f,http://dx.doi.org/10.1371/journal.pone.0049054,
NHMUK 35434,http://data.nhm.ac.uk/specimen/efb581c3-1466-43e2-af17-a19f91dbe31d,http://dx.doi.org/10.1371/journal.pone.0062421,
BMNH 4207,http://data.nhm.ac.uk/specimen/2f027daf-78bc-4894-b992-da258c06d661,http://dx.doi.org/10.1371/journal.pone.0049911,PV OR 4207 Osmeroides lewesiensis Mantell 1822
BMNH 1945.9.26.101-104,http://data.nhm.ac.uk/specimen/1f049bfb-49b7-4ef2-8dc9-ee0db9391d3e,http://dx.doi.org/10.1371/journal.pone.0001960,figures
BMNH.66.5456,http://data.nhm.ac.uk/specimen/ff0adde71-7ffe-4906-9305-7a525b5e4261,http://dx.doi.org/10.1371/journal.pone.0061998,
NHMUK 30253,http://data.nhm.ac.uk/specimen/f0b4b864-933e-4fbb-870b-6f5455a6008e,http://dx.doi.org/10.1371/journal.pone.0034094,
NHMUK 30253_4,http://data.nhm.ac.uk/specimen/f0b4b864-933e-4fbb-870b-6f5455a6008e,http://dx.doi.org/10.1371/journal.pone.0062421,
NHMUK 46381,http://data.nhm.ac.uk/specimen/f2c57c88-6dba-4c8a-8628-5f99f70820b2,http://dx.doi.org/10.1371/journal.pone.0034094,
NHMUK 46381,http://data.nhm.ac.uk/specimen/f2c57c88-6dba-4c8a-8628-5f99f70820b2,http://dx.doi.org/10.1371/journal.pone.0062421,
BMNH 1897.11.1.55,http://data.nhm.ac.uk/specimen/f3c42e7b-5601-471c-95e9-6c41975ee4a1,http://dx.doi.org/10.1371/journal.pone.0053712,
BMNH M 8873,http://data.nhm.ac.uk/specimen/ff5de5e4d-bf48-45ef-8d7b-5484f9aa78fd,http://dx.doi.org/10.1371/journal.pone.0049054,
BMNH(E) 1239047,http://data.nhm.ac.uk/specimen/ff60cce0-acfb-4be7-b82d-beed0966d05e,http://dx.doi.org/10.1371/journal.pone.0121127,Chrysoperla carnea
BMNH P.32421,http://data.nhm.ac.uk/specimen/8f622f98-ad58-4322-af53-72709d3d5073,http://dx.doi.org/10.1371/journal.pone.0039370,PV OR 32421
NHMUK 36318,http://data.nhm.ac.uk/specimen/f74b81dc-791d-44f8-a182-829d0ebd9be2,http://dx.doi.org/10.1371/journal.pone.0062421,
NHMUK 36318,http://data.nhm.ac.uk/specimen/f74b81dc-791d-44f8-a182-829d0ebd9be2,http://dx.doi.org/10.1371/journal.pone.0084709,
NHMUK 49202,http://data.nhm.ac.uk/specimen/f7619b3c-8377-457a-88fb-0cdeb1653f5e,http://dx.doi.org/10.1371/journal.pone.0031838,
NHMUK 47270,http://data.nhm.ac.uk/specimen/fc975ed8-7d49-42bd-8eef-f69ac9db296c,http://dx.doi.org/10.1371/journal.pone.0062421,
NHMUK 47270,http://data.nhm.ac.uk/specimen/fc975ed8-7d49-42bd-8eef-f69ac9db296c,http://dx.doi.org/10.1371/journal.pone.0084709,
NHMUK 1928.9.13.105,http://data.nhm.ac.uk/specimen/fd285cca-fcee-46f8-bd36-f23116724730,http://dx.doi.org/10.1371/journal.pone.0095296,two entries
BMNH M 85322,http://data.nhm.ac.uk/specimen/ffd30af1d-9b7f-4834-8964-e1b244550c46,http://dx.doi.org/10.1371/journal.pone.0049054,
BMNH 1946.8.11.38,http://data.nhm.ac.uk/specimen/4fd56cd3-535b-46cf-bc63-0ab0d85d0c68,http://dx.doi.org/10.1371/journal.pone.0111895,In portal as diff species Diplodactylus conspicillatus
NHMUK 24300,http://data.nhm.ac.uk/specimen/fde8aaed-15d2-4938-a289-f22ca2f87e71,http://dx.doi.org/10.1371/journal.pone.0062421,
NHMUK 33242,http://data.nhm.ac.uk/specimen/fe0921d4-877e-4cea-a050-61d468c6831c,http://dx.doi.org/10.1371/journal.pone.0034094,
NHMUK 1911.10.1.376,http://data.nhm.ac.uk/specimen/feb311aa-8aa1-4d6a-ad4a-d3d577ee71d5,http://dx.doi.org/10.1371/journal.pone.0095296,
BMNH(E) 1239047,http://data.nhm.ac.uk/specimen/fff60cce0-acfb-4be7-b82d-beed0966d05e,http://dx.doi.org/10.1371/journal.pone.0121127,
58.20697,,http://dx.doi.org/10.1371/journal.pone.0061998,
9069,,http://dx.doi.org/10.1371/journal.pone.0064203,
9089,,http://dx.doi.org/10.1371/journal.pone.0064203,
9091,,http://dx.doi.org/10.1371/journal.pone.0064203,
9103,,http://dx.doi.org/10.1371/journal.pone.0064203,
9106,,http://dx.doi.org/10.1371/journal.pone.0064203,
9109,,http://dx.doi.org/10.1371/journal.pone.0064203,
9113,,http://dx.doi.org/10.1371/journal.pone.0064203,
9118,,http://dx.doi.org/10.1371/journal.pone.0064203,
9122,,http://dx.doi.org/10.1371/journal.pone.0064203,
9140,,http://dx.doi.org/10.1371/journal.pone.0064203,
BMNH 12.2.1972,,http://dx.doi.org/10.1371/journal.pone.0046421,
BMNH 16.5.2.12,,http://dx.doi.org/10.1371/journal.pone.0087928,
BMNH 16.5.2.13,,http://dx.doi.org/10.1371/journal.pone.0087928,
BMNH 16.5.2.15,,http://dx.doi.org/10.1371/journal.pone.0087928,
BMNH 16.5.2.16,,http://dx.doi.org/10.1371/journal.pone.0087928,
BMNH 16.5.2.17,,http://dx.doi.org/10.1371/journal.pone.0087928,
BMNH 1896.11.15.5,,http://dx.doi.org/10.1371/journal.pone.0087928,
BMNH 1896.12.20.21,,http://dx.doi.org/10.1371/journal.pone.0087928,
BMNH 1897.11.1.56,,http://dx.doi.org/10.1371/journal.pone.0053712,
BMNH 19.16.29,,http://dx.doi.org/10.1371/journal.pone.0087928,
BMNH 19.722.013,,http://dx.doi.org/10.1371/journal.pone.0079862,Pleurodema thaul probably 1972. rather than 19.72
BMNH 1903.6.30.23,,http://dx.doi.org/10.1371/journal.pone.0087928,
BMNH 1903.9.2.29,,http://dx.doi.org/10.1371/journal.pone.0087928,
BMNH 1908.8.11.2,,http://dx.doi.org/10.1371/journal.pone.0087928,
BMNH 1926.2.16.7,,http://dx.doi.org/10.1371/journal.pone.0115679,1926.2.16.7-10 is Paracalanus crassirostris NOT this
BMNH 1927.8.10.1–2,,http://dx.doi.org/10.1371/journal.pone.0046421,
BMNH 1927.8.10.3,,http://dx.doi.org/10.1371/journal.pone.0046421,
BMNH 1930.5.8.59,,http://dx.doi.org/10.1371/journal.pone.0032450,is it this one? 5611382a-ad3b-487f-96b8-b1d6d929bdd3
BMNH 1946.9.2.29,,http://dx.doi.org/10.1371/journal.pone.0080563,
BMNH 1946.9.2.30–33,,http://dx.doi.org/10.1371/journal.pone.0080563,
BMNH 1964.12.15.256–280,,http://dx.doi.org/10.1371/journal.pone.0046421,
BMNH 1966.5.1.61–75,,http://dx.doi.org/10.1371/journal.pone.0037520,plenty of that species but not under that catalog number
BMNH 1982.5.13.27,,http://dx.doi.org/10.1371/journal.pone.0046421,
BMNH 20060118,,http://dx.doi.org/10.1371/journal.pone.0077457,typo? Some close ones for Bulla
BMNH 2007.720,,http://dx.doi.org/10.1371/journal.pone.0057756,
BMNH 2008.715,,http://dx.doi.org/10.1371/journal.pone.0057756,"Wilkinson, not in portal"
BMNH 2008.716,,http://dx.doi.org/10.1371/journal.pone.0057756,
BMNH 2008.719,,http://dx.doi.org/10.1371/journal.pone.0057756,
BMNH 2008.717,,http://dx.doi.org/10.1371/journal.pone.0057756,
BMNH 2008.718,,http://dx.doi.org/10.1371/journal.pone.0057756,
BMNH 2008.721,,http://dx.doi.org/10.1371/journal.pone.0057756,figure
BMNH 2008.722,,http://dx.doi.org/10.1371/journal.pone.0057756,
BMNH 2015.1.25.1,,http://dx.doi.org/10.1371/journal.pone.0122553,
BMNH 2015.1.25.10,,http://dx.doi.org/10.1371/journal.pone.0122553,
BMNH 2015.1.25.11,,http://dx.doi.org/10.1371/journal.pone.0122553,
BMNH 2015.1.25.12,,http://dx.doi.org/10.1371/journal.pone.0122553,
BMNH 2015.1.25.13,,http://dx.doi.org/10.1371/journal.pone.0122553,
BMNH 2015.1.25.2,,http://dx.doi.org/10.1371/journal.pone.0122553,
BMNH 2015.1.25.3,,http://dx.doi.org/10.1371/journal.pone.0122553,
BMNH 2015.1.25.4,,http://dx.doi.org/10.1371/journal.pone.0122553,
BMNH 2015.1.25.5,,http://dx.doi.org/10.1371/journal.pone.0122553,
BMNH 2015.1.25.6,,http://dx.doi.org/10.1371/journal.pone.0122553,
BMNH 2015.1.25.7,,http://dx.doi.org/10.1371/journal.pone.0122553,
BMNH 2015.1.25.8,,http://dx.doi.org/10.1371/journal.pone.0122553,
BMNH 2015.1.25.9,,http://dx.doi.org/10.1371/journal.pone.0122553,
BMNH 22.05.17,,http://dx.doi.org/10.1371/journal.pone.0087928,
BMNH 2205/17,,http://dx.doi.org/10.1371/journal.pone.0087928,
BMNH 4859,,http://dx.doi.org/10.1371/journal.pone.0087928,
BMNH 6704,,http://dx.doi.org/10.1371/journal.pone.0079887,
BMNH 79.49,,http://dx.doi.org/10.1371/journal.pone.0087928,
BMNH 97.11.1.56,,http://dx.doi.org/10.1371/journal.pone.0053712,actually meant BMNH 1897.11.1.56
BMNH 99.11 2.234,,http://dx.doi.org/10.1371/journal.pone.0087928,
BMNH 99.9.21.161,,http://dx.doi.org/10.1371/journal.pone.0087928,
BMNH M 10348,,http://dx.doi.org/10.1371/journal.pone.0049054,
BMNH M 29710,,http://dx.doi.org/10.1371/journal.pone.0110806,Cymbalophus cuniculus
BMNH M 85324,,http://dx.doi.org/10.1371/journal.pone.0049054,
BMNH M 85325,,http://dx.doi.org/10.1371/journal.pone.0049054,
BMNH M 85326,,http://dx.doi.org/10.1371/journal.pone.0049054,
BMNH M 85327,,http://dx.doi.org/10.1371/journal.pone.0049054,
BMNH M 85328,,http://dx.doi.org/10.1371/journal.pone.0049054,
BMNH M 85329,,http://dx.doi.org/10.1371/journal.pone.0049054,
BMNH M 85330,,http://dx.doi.org/10.1371/journal.pone.0049054,
BMNH M 85331,,http://dx.doi.org/10.1371/journal.pone.0049054,
BMNH M 85332,,http://dx.doi.org/10.1371/journal.pone.0049054,Apterodon langebadreae nov. sp.
BMNH M 85333,,http://dx.doi.org/10.1371/journal.pone.0049054,
BMNH M 85334,,http://dx.doi.org/10.1371/journal.pone.0049054,
BMNH M 85335,,http://dx.doi.org/10.1371/journal.pone.0049054,
BMNH M.15792,,http://dx.doi.org/10.1371/journal.pone.0109232,
BMNH M.15794,,http://dx.doi.org/10.1371/journal.pone.0109232,
BMNH P.14539,,http://dx.doi.org/10.1371/journal.pone.0039370,
BMNH P.3337,,http://dx.doi.org/10.1371/journal.pone.0049911,PV P 3337 Libys polypterus Munster 1842
BMNH R1111,,http://dx.doi.org/10.1371/journal.pone.0079887,PV OR 1111 Crocodilus ???
BMNH R4947,,http://dx.doi.org/10.1371/journal.pone.0039323,
BMNH R6704,,http://dx.doi.org/10.1371/journal.pone.0079887,no idea
BMNH RU 17,,http://dx.doi.org/10.1371/journal.pone.0079887,
BMNH RUB 17,,http://dx.doi.org/10.1371/journal.pone.0007783,
BMNH? 58.20697,,http://dx.doi.org/10.1371/journal.pone.0061998,Rhinolophus ferrumequinum
BMNH933783-BMNH937172,,http://dx.doi.org/10.1371/journal.pone.0096815,entomology
NHMUK 16665,,http://dx.doi.org/10.1371/journal.pone.0031838,
NHMUK 1847.9.15.28,,http://dx.doi.org/10.1371/journal.pone.0095296,
NHMUK 1854.11.14.78,,http://dx.doi.org/10.1371/journal.pone.0095296,
NHMUK 1888.4.16.200,,http://dx.doi.org/10.1371/journal.pone.0095296,
NHMUK 1899.6.1.340,,http://dx.doi.org/10.1371/journal.pone.0095296,
NHMUK 1998.9.29.6,,http://dx.doi.org/10.1371/journal.pone.0095296,
NHMUK 2000.4.11.1546,,http://dx.doi.org/10.1371/journal.pone.0095296,
NHMUK 20030296,,http://dx.doi.org/10.1371/journal.pone.0036904,
NHMUK 20030296,,http://dx.doi.org/10.1371/journal.pone.0064203,
NHMUK 20030302,,http://dx.doi.org/10.1371/journal.pone.0033170,
NHMUK 20030784/3,,http://dx.doi.org/10.1371/journal.pone.0062421,
NHMUK 20030836,,http://dx.doi.org/10.1371/journal.pone.0064203,
NHMUK 2005.1605,,http://dx.doi.org/10.1371/journal.pone.0031838,"Gekko shibatai Toda, 2008 ? it's .1601 instead probably"
NHMUK 20050660,,http://dx.doi.org/10.1371/journal.pone.0033170,
NHMUK 20060104,,http://dx.doi.org/10.1371/journal.pone.0033170,
NHMUK 20060109,,http://dx.doi.org/10.1371/journal.pone.0033170,
NHMUK 20060324,,http://dx.doi.org/10.1371/journal.pone.0033170,
NHMUK 20060326,,http://dx.doi.org/10.1371/journal.pone.0033170,
NHMUK 20070018,,http://dx.doi.org/10.1371/journal.pone.0033170,
NHMUK 20070020,,http://dx.doi.org/10.1371/journal.pone.0033170,
NHMUK 20070021,,http://dx.doi.org/10.1371/journal.pone.0033170,
NHMUK 20070028,,http://dx.doi.org/10.1371/journal.pone.0033170,
NHMUK 20070029,,http://dx.doi.org/10.1371/journal.pone.0033170,
NHMUK 20070065,,http://dx.doi.org/10.1371/journal.pone.0033170,
NHMUK 20070090,,http://dx.doi.org/10.1371/journal.pone.0064203,
NHMUK 20070091,,http://dx.doi.org/10.1371/journal.pone.0064203,
NHMUK 20070092,,http://dx.doi.org/10.1371/journal.pone.0064203,
NHMUK 20070093,,http://dx.doi.org/10.1371/journal.pone.0064203,
NHMUK 20070094,,http://dx.doi.org/10.1371/journal.pone.0064203,
NHMUK 20070175,,http://dx.doi.org/10.1371/journal.pone.0064203,
NHMUK 20070180,,http://dx.doi.org/10.1371/journal.pone.0033170,
NHMUK 20070186,,http://dx.doi.org/10.1371/journal.pone.0033170,
NHMUK 20070314,,http://dx.doi.org/10.1371/journal.pone.0064203,
NHMUK 20070315,,http://dx.doi.org/10.1371/journal.pone.0064203,
NHMUK 20070316,,http://dx.doi.org/10.1371/journal.pone.0064203,
NHMUK 20070318,,http://dx.doi.org/10.1371/journal.pone.0064203,
NHMUK 20070448,,http://dx.doi.org/10.1371/journal.pone.0033170,
NHMUK 20070458,,http://dx.doi.org/10.1371/journal.pone.0064203,
NHMUK 20070603/1,,http://dx.doi.org/10.1371/journal.pone.0064203,
NHMUK 20070603/2,,http://dx.doi.org/10.1371/journal.pone.0064203,
NHMUK 2010.10.6.1,,http://dx.doi.org/10.1371/journal.pone.0095296,
NHMUK 2010.12.6.22,,http://dx.doi.org/10.1371/journal.pone.0095296,
NHMUK 2010.12.7.3,,http://dx.doi.org/10.1371/journal.pone.0095296,
NHMUK 2010.12.8.5,,http://dx.doi.org/10.1371/journal.pone.0095296,
NHMUK 2012.7.1.10,,http://dx.doi.org/10.1371/journal.pone.0095296,
NHMUK 2012.7.1.8,,http://dx.doi.org/10.1371/journal.pone.0095296,
NHMUK 2012.7.1.9,,http://dx.doi.org/10.1371/journal.pone.0095296,
NHMUK 2014.268,,http://dx.doi.org/10.1371/journal.pone.0093018,cool whale bones isopod
NHMUK 2014.269-348,,http://dx.doi.org/10.1371/journal.pone.0093018,
NHMUK 2014.269–278,,http://dx.doi.org/10.1371/journal.pone.0093018,
NHMUK 2014.279–288,,http://dx.doi.org/10.1371/journal.pone.0093018,
NHMUK 2014.289–298,,http://dx.doi.org/10.1371/journal.pone.0093018,
NHMUK 2014.299–308,,http://dx.doi.org/10.1371/journal.pone.0093018,
NHMUK 2014.309–318,,http://dx.doi.org/10.1371/journal.pone.0093018,
NHMUK 2014.319–328,,http://dx.doi.org/10.1371/journal.pone.0093018,
NHMUK 2014.329–338,,http://dx.doi.org/10.1371/journal.pone.0093018,
NHMUK 2014.340-345,,http://dx.doi.org/10.1371/journal.pone.0093018,
NHMUK 2014.340-348,,http://dx.doi.org/10.1371/journal.pone.0093018,
NHMUK 2014.349-358,,http://dx.doi.org/10.1371/journal.pone.0093018,
NHMUK 32242,,http://dx.doi.org/10.1371/journal.pone.0062421,Probably 33242
NHMUK 44096,,http://dx.doi.org/10.1371/journal.pone.0049584,
NHMUK 47234,,http://dx.doi.org/10.1371/journal.pone.0062421,Probably 47233
NHMUK 48623,,http://dx.doi.org/10.1371/journal.pone.0031838,
NHMUK 86.12.9.302,,http://dx.doi.org/10.1371/journal.pone.0098406,
NHMUK 86.12.9.342,,http://dx.doi.org/10.1371/journal.pone.0098406,
NHMUK A683,,http://dx.doi.org/10.1371/journal.pone.0049584,
NHMUK C69,,http://dx.doi.org/10.1371/journal.pone.0031556,
NHMUK R11521,,http://dx.doi.org/10.1371/journal.pone.0034094,
NHMUK R11521,,http://dx.doi.org/10.1371/journal.pone.0045712,
NHMUK R133b,,http://dx.doi.org/10.1371/journal.pone.0034094,
NHMUK R175,,http://dx.doi.org/10.1371/journal.pone.0104551,
NHMUK R1831,,http://dx.doi.org/10.1371/journal.pone.0031838,
NHMUK R196,,http://dx.doi.org/10.1371/journal.pone.0014075,
NHMUK R196,,http://dx.doi.org/10.1371/journal.pone.0030212,
NHMUK R196,,http://dx.doi.org/10.1371/journal.pone.0036904,
NHMUK R2549,,http://dx.doi.org/10.1371/journal.pone.0031838,
NHMUK R2615,,http://dx.doi.org/10.1371/journal.pone.0104551,
NHMUK R3386,,http://dx.doi.org/10.1371/journal.pone.0045712,
NHMUK R3740,,http://dx.doi.org/10.1371/journal.pone.0064203,
NHMUK R3741,,http://dx.doi.org/10.1371/journal.pone.0064203,
NHMUK R3761,,http://dx.doi.org/10.1371/journal.pone.0064203,
NHMUK R4900,,http://dx.doi.org/10.1371/journal.pone.0031838,
NHMUK R4912,,http://dx.doi.org/10.1371/journal.pone.0031838,
NHMUK R4947,,http://dx.doi.org/10.1371/journal.pone.0062421,
NHMUK R4976,,http://dx.doi.org/10.1371/journal.pone.0031838,
NHMUK R525,,http://dx.doi.org/10.1371/journal.pone.0089165,
NHMUK R6650,,http://dx.doi.org/10.1371/journal.pone.0031838,
NHMUK R6792,,http://dx.doi.org/10.1371/journal.pone.0072753,57db21b9-d545-4ff4-b68a-91bbaf1c1f11 ???
NHMUK R6795,,http://dx.doi.org/10.1371/journal.pone.0072753,
NHMUK R8265,,http://dx.doi.org/10.1371/journal.pone.0062421,
NHMUK R9068,,http://dx.doi.org/10.1371/journal.pone.0064203,
NHMUK R9140,,http://dx.doi.org/10.1371/journal.pone.0064203,
NHMUK R9604,,http://dx.doi.org/10.1371/journal.pone.0031838,
NHMUK R9732,,http://dx.doi.org/10.1371/journal.pone.0064203,
